date,station,PM2.5,PM10,wind_speed,wind_dir,humidity,temperature,rainfall,NO2,NH3,CO,SO2,Ozone
2019-01-01,"Vindhyachal STPS, Singrauli - MPPCB",267.76,396.22,8.2,341,61,14.1,0.0,3.83,1.65,0.46,23.09,37.24
2019-01-02,"Vindhyachal STPS, Singrauli - MPPCB",221.81,408.47,11.2,22,54,15.9,0.0,3.45,1.79,0.4,17.42,37.72
2019-01-03,"Vindhyachal STPS, Singrauli - MPPCB",174.92,359.56,11.8,315,56,15.3,0.0,2.63,1.67,0.36,11.43,38.84
2019-01-04,"Vindhyachal STPS, Singrauli - MPPCB",206.55,388.23,9.8,345,60,15.5,0.0,2.45,1.52,0.37,12.66,42.67
2019-01-05,"Vindhyachal STPS, Singrauli - MPPCB",192.02,328.21,9.4,94,62,16.1,0.0,3.19,1.94,0.38,21.9,28.35
2019-01-06,"Vindhyachal STPS, Singrauli - MPPCB",138.36,252.48,12.3,120,59,18.2,0.0,2.29,2.09,0.31,17.66,67.33
2019-01-07,"Vindhyachal STPS, Singrauli - MPPCB",177.37,299.23,16.2,303,63,17.3,0.3,1.92,1.7,0.27,12.82,68.73
2019-01-08,"Vindhyachal STPS, Singrauli - MPPCB",144.34,228.92,10.5,318,69,15.3,0.0,2.06,1.68,0.26,11.38,56.28
2019-01-09,"Vindhyachal STPS, Singrauli - MPPCB",129.86,254.69,14.7,303,56,15.4,0.0,2.04,1.81,0.29,10.47,50.84
2019-01-10,"Vindhyachal STPS, Singrauli - MPPCB",144.18,288.62,9.0,324,57,14.5,0.0,2.37,1.73,0.8,35.44,42.22
2019-01-11,"Vindhyachal STPS, Singrauli - MPPCB",158.41,321.32,13.1,43,58,15.2,0.0,33.98,10.47,1.51,68.79,36.88
2019-01-12,"Vindhyachal STPS, Singrauli - MPPCB",206.76,389.96,10.8,69,60,16.3,0.0,76.16,22.37,1.75,66.51,27.11
2019-01-13,"Vindhyachal STPS, Singrauli - MPPCB",178.81,344.71,13.9,352,68,17.6,0.4,55.29,20.5,1.56,59.62,49.93
2019-01-14,"Vindhyachal STPS, Singrauli - MPPCB",143.99,258.03,14.5,318,56,16.9,0.0,39.31,17.42,0.95,30.77,76.14
2019-01-15,"Vindhyachal STPS, Singrauli - MPPCB",96.17,244.96,14.9,297,44,14.4,0.0,46.32,15.12,1.01,35.57,47.66
2019-01-16,"Vindhyachal STPS, Singrauli - MPPCB",163.24,350.09,8.3,4,46,13.8,0.0,81.62,18.03,1.61,69.89,16.54
2019-01-17,"Vindhyachal STPS, Singrauli - MPPCB",157.94,373.75,9.8,353,48,15.6,0.0,73.98,18.09,1.52,72.25,21.24
2019-01-18,"Vindhyachal STPS, Singrauli - MPPCB",158.27,338.22,13.3,319,53,15.4,0.0,59.71,18.43,1.33,38.77,38.63
2019-01-19,"Vindhyachal STPS, Singrauli - MPPCB",191.15,460.55,9.4,312,54,15.7,0.0,68.76,19.55,1.76,52.25,37.74
2019-01-20,"Vindhyachal STPS, Singrauli - MPPCB",167.62,412.38,12.6,325,46,17.5,0.0,60.82,18.66,1.68,44.63,38.79
2019-01-21,"Vindhyachal STPS, Singrauli - MPPCB",143.89,410.4,12.7,125,44,19.3,0.0,62.92,17.78,1.48,57.89,34.19
2019-01-22,"Vindhyachal STPS, Singrauli - MPPCB",146.85,323.8,18.7,162,46,20.5,0.0,60.11,17.3,1.42,57.89,48.98
2019-01-23,"Vindhyachal STPS, Singrauli - MPPCB",154.42,371.3,12.5,4,64,18.8,2.3,59.5,20.19,1.44,44.88,43.36
2019-01-24,"Vindhyachal STPS, Singrauli - MPPCB",154.79,213.69,10.6,88,77,17.8,0.9,42.43,21.59,1.27,36.53,30.33
2019-01-25,"Vindhyachal STPS, Singrauli - MPPCB",47.75,84.95,15.2,129,84,16.8,3.9,36.3,18.54,0.77,22.9,30.92
2019-01-26,"Vindhyachal STPS, Singrauli - MPPCB",109.71,145.76,12.3,50,86,15.8,2.4,50.26,23.96,1.0,35.18,16.32
2019-01-27,"Vindhyachal STPS, Singrauli - MPPCB",85.4,161.5,12.7,342,76,16.5,0.8,40.22,19.19,1.0,31.32,24.57
2019-01-28,"Vindhyachal STPS, Singrauli - MPPCB",65.31,149.83,14.0,316,56,14.5,0.0,37.15,15.36,0.7,31.22,52.08
2019-01-29,"Vindhyachal STPS, Singrauli - MPPCB",90.16,168.27,16.4,296,53,12.6,0.0,37.37,15.78,0.86,28.47,53.55
2019-01-30,"Vindhyachal STPS, Singrauli - MPPCB",151.09,348.87,10.7,314,51,13.5,0.0,57.21,18.79,1.33,46.37,20.25
2019-01-31,"Vindhyachal STPS, Singrauli - MPPCB",164.77,328.26,11.3,88,51,15.6,0.0,70.81,19.9,1.64,78.19,11.53
2019-02-01,"Vindhyachal STPS, Singrauli - MPPCB",103.28,204.82,14.1,105,53,18.3,0.0,43.43,19.77,0.98,31.7,36.59
2019-02-02,"Vindhyachal STPS, Singrauli - MPPCB",165.08,311.88,11.5,37,55,19.3,0.0,63.91,22.23,1.32,64.97,24.14
2019-02-03,"Vindhyachal STPS, Singrauli - MPPCB",152.3,277.35,15.8,341,59,19.8,0.0,49.91,23.17,1.26,50.58,36.65
2019-02-04,"Vindhyachal STPS, Singrauli - MPPCB",177.82,316.35,17.2,333,66,19.4,0.0,63.91,22.6,1.41,49.63,28.84
2019-02-05,"Vindhyachal STPS, Singrauli - MPPCB",156.83,298.61,17.8,328,59,21.0,0.0,61.32,20.37,1.42,39.22,27.62
2019-02-06,"Vindhyachal STPS, Singrauli - MPPCB",135.46,281.94,13.4,216,60,21.6,0.0,41.91,20.57,1.26,36.96,36.03
2019-02-07,"Vindhyachal STPS, Singrauli - MPPCB",119.07,233.12,10.4,119,55,22.1,0.0,42.88,18.91,0.97,55.71,37.5
2019-02-08,"Vindhyachal STPS, Singrauli - MPPCB",150.12,220.36,12.6,254,71,19.9,4.8,36.82,20.48,1.15,30.67,26.66
2019-02-09,"Vindhyachal STPS, Singrauli - MPPCB",59.31,179.88,20.8,307,49,16.4,0.8,36.85,14.7,0.59,36.17,32.49
2019-02-10,"Vindhyachal STPS, Singrauli - MPPCB",96.89,237.73,10.8,338,51,15.2,0.0,51.05,16.42,0.99,38.77,21.17
2019-02-11,"Vindhyachal STPS, Singrauli - MPPCB",112.25,270.62,11.4,43,58,16.7,0.0,74.01,17.89,1.13,46.7,18.33
2019-02-12,"Vindhyachal STPS, Singrauli - MPPCB",147.47,321.21,10.7,49,57,18.1,0.0,83.19,19.7,1.34,64.79,14.22
2019-02-13,"Vindhyachal STPS, Singrauli - MPPCB",167.84,351.3,8.8,47,54,19.9,0.0,85.07,19.71,1.61,81.47,19.93
2019-02-14,"Vindhyachal STPS, Singrauli - MPPCB",146.16,392.69,16.3,46,49,21.6,0.0,71.51,19.29,1.67,55.42,21.49
2019-02-15,"Vindhyachal STPS, Singrauli - MPPCB",75.03,178.59,18.4,110,70,19.1,6.9,40.33,17.28,0.85,40.53,20.31
2019-02-16,"Vindhyachal STPS, Singrauli - MPPCB",49.01,84.77,20.5,291,67,19.1,1.4,25.85,15.51,0.59,21.22,36.88
2019-02-17,"Vindhyachal STPS, Singrauli - MPPCB",76.8,137.79,18.8,286,59,16.6,0.0,34.25,17.97,0.77,28.61,40.22
2019-02-18,"Vindhyachal STPS, Singrauli - MPPCB",98.56,198.85,13.0,282,57,17.8,0.0,56.15,17.78,1.18,30.75,26.32
2019-02-19,"Vindhyachal STPS, Singrauli - MPPCB",96.57,277.16,17.7,278,50,21.5,0.0,52.13,18.19,1.1,35.83,27.63
2019-02-20,"Vindhyachal STPS, Singrauli - MPPCB",80.61,301.29,9.2,27,52,22.7,0.0,49.84,17.51,1.05,34.06,22.46
2019-02-21,"Vindhyachal STPS, Singrauli - MPPCB",98.33,270.8,17.7,161,55,24.2,0.0,56.66,19.33,1.08,62.22,14.15
2019-02-22,"Vindhyachal STPS, Singrauli - MPPCB",98.41,250.0,29.7,285,51,26.0,0.0,36.86,20.28,0.97,36.73,35.93
2019-02-23,"Vindhyachal STPS, Singrauli - MPPCB",65.35,195.26,22.4,305,59,22.5,0.0,28.96,17.92,0.6,38.2,45.01
2019-02-24,"Vindhyachal STPS, Singrauli - MPPCB",51.5,265.32,17.4,323,50,20.4,1.8,25.49,14.97,0.58,30.87,48.68
2019-02-25,"Vindhyachal STPS, Singrauli - MPPCB",57.6,142.36,13.4,55,60,20.5,1.5,48.23,16.42,0.63,67.09,28.72
2019-02-26,"Vindhyachal STPS, Singrauli - MPPCB",82.09,198.85,15.4,92,47,21.6,0.0,50.31,16.77,0.93,46.65,23.99
2019-02-27,"Vindhyachal STPS, Singrauli - MPPCB",65.83,195.49,27.4,269,50,20.9,0.2,34.84,17.31,0.84,29.66,25.95
2019-02-28,"Vindhyachal STPS, Singrauli - MPPCB",36.85,89.37,18.9,322,53,18.1,0.4,21.35,15.37,0.41,27.84,42.44
2019-03-01,"Vindhyachal STPS, Singrauli - MPPCB",77.21,271.74,14.0,330,40,17.4,0.0,38.64,15.69,0.82,32.75,39.1
2019-03-02,"Vindhyachal STPS, Singrauli - MPPCB",91.9,240.02,12.3,47,42,19.4,0.0,68.75,17.48,1.01,65.31,21.78
2019-03-03,"Vindhyachal STPS, Singrauli - MPPCB",82.22,189.2,15.2,64,68,18.2,6.8,40.59,17.76,0.97,46.85,35.31
2019-03-04,"Vindhyachal STPS, Singrauli - MPPCB",93.52,183.77,18.0,335,68,21.0,1.2,33.81,18.92,0.93,37.15,36.93
2019-03-05,"Vindhyachal STPS, Singrauli - MPPCB",96.27,225.96,17.3,343,58,21.6,0.5,40.78,18.53,0.94,44.66,33.34
2019-03-06,"Vindhyachal STPS, Singrauli - MPPCB",58.35,134.59,21.6,319,46,20.6,0.0,27.13,15.05,0.67,28.17,36.94
2019-03-07,"Vindhyachal STPS, Singrauli - MPPCB",59.96,161.66,14.4,315,42,19.6,0.0,33.42,13.59,0.77,31.39,29.51
2019-03-08,"Vindhyachal STPS, Singrauli - MPPCB",67.29,210.6,20.3,318,36,21.3,0.0,35.68,12.9,0.9,34.66,26.29
2019-03-09,"Vindhyachal STPS, Singrauli - MPPCB",79.58,232.67,22.1,292,35,23.7,0.0,39.45,13.91,0.83,62.45,34.74
2019-03-10,"Vindhyachal STPS, Singrauli - MPPCB",92.92,257.3,15.3,26,42,23.7,0.0,46.32,17.02,0.97,55.26,28.79
2019-03-11,"Vindhyachal STPS, Singrauli - MPPCB",108.44,298.38,13.0,68,45,24.3,0.0,73.27,17.47,1.37,59.46,12.51
2019-03-12,"Vindhyachal STPS, Singrauli - MPPCB",74.28,237.0,22.1,293,42,26.7,0.0,31.52,15.58,0.79,34.62,32.4
2019-03-13,"Vindhyachal STPS, Singrauli - MPPCB",87.6,292.24,14.5,31,42,26.3,0.0,45.9,16.55,0.87,69.61,36.74
2019-03-14,"Vindhyachal STPS, Singrauli - MPPCB",70.65,128.65,14.4,173,66,24.6,3.0,40.05,17.13,0.69,67.34,19.56
2019-03-15,"Vindhyachal STPS, Singrauli - MPPCB",88.09,171.16,21.4,267,70,23.6,1.8,40.56,17.42,0.94,43.74,18.11
2019-03-16,"Vindhyachal STPS, Singrauli - MPPCB",72.92,201.82,13.4,351,46,23.8,0.0,39.59,15.02,0.83,53.2,31.62
2019-03-17,"Vindhyachal STPS, Singrauli - MPPCB",82.03,169.68,18.0,240,58,21.4,7.7,37.97,16.13,1.0,32.63,16.56
2019-03-18,"Vindhyachal STPS, Singrauli - MPPCB",57.48,113.35,21.3,251,69,22.2,0.3,38.36,15.09,0.91,39.21,26.65
2019-03-19,"Vindhyachal STPS, Singrauli - MPPCB",81.37,215.69,15.0,317,45,23.0,0.0,60.16,14.79,1.17,34.89,25.65
2019-03-20,"Vindhyachal STPS, Singrauli - MPPCB",119.85,320.32,11.6,37,35,24.5,0.0,72.73,16.02,1.33,79.92,11.88
2019-03-21,"Vindhyachal STPS, Singrauli - MPPCB",59.93,104.89,20.0,217,50,25.9,0.1,20.83,16.54,0.67,46.27,46.98
2019-03-22,"Vindhyachal STPS, Singrauli - MPPCB",56.42,163.14,21.1,305,41,26.7,0.0,23.14,14.53,0.61,32.4,35.85
2019-03-23,"Vindhyachal STPS, Singrauli - MPPCB",51.71,175.78,20.3,298,29,24.8,0.0,26.74,12.38,0.57,28.61,35.41
2019-03-24,"Vindhyachal STPS, Singrauli - MPPCB",56.17,198.26,18.9,312,30,25.9,0.0,29.54,13.3,0.64,31.19,29.27
2019-03-25,"Vindhyachal STPS, Singrauli - MPPCB",112.16,368.74,11.3,304,32,27.8,0.0,56.99,14.19,1.05,49.63,22.24
2019-03-26,"Vindhyachal STPS, Singrauli - MPPCB",73.34,248.27,24.4,12,43,25.8,0.5,52.47,14.29,0.86,69.02,21.25
2019-03-27,"Vindhyachal STPS, Singrauli - MPPCB",72.56,216.19,16.1,325,35,25.5,0.0,48.55,13.73,1.04,36.29,33.1
2019-03-28,"Vindhyachal STPS, Singrauli - MPPCB",67.83,223.83,16.8,317,32,26.5,0.0,36.52,14.43,0.76,29.35,41.32
2019-03-29,"Vindhyachal STPS, Singrauli - MPPCB",88.18,262.77,18.7,322,38,28.1,0.0,45.58,15.05,0.98,30.79,60.87
2019-03-30,"Vindhyachal STPS, Singrauli - MPPCB",103.61,311.79,17.8,317,33,29.8,0.0,49.36,16.06,1.17,40.0,46.04
2019-03-31,"Vindhyachal STPS, Singrauli - MPPCB",83.73,333.2,22.5,311,25,31.2,0.0,41.78,15.96,1.0,48.82,57.28
2019-04-01,"Vindhyachal STPS, Singrauli - MPPCB",58.58,219.24,19.4,324,24,29.6,0.0,27.11,13.81,0.66,29.92,65.15
2019-04-02,"Vindhyachal STPS, Singrauli - MPPCB",91.0,350.0,21.4,306,22,28.8,0.0,61.55,15.53,1.79,33.35,9.2
2019-04-03,"Vindhyachal STPS, Singrauli - MPPCB",98.92,289.49,17.2,319,23,28.8,0.0,43.93,14.39,1.14,46.61,53.81
2019-04-04,"Vindhyachal STPS, Singrauli - MPPCB",108.75,349.31,20.2,31,31,30.2,0.0,46.82,15.84,1.15,44.04,67.74
2019-04-05,"Vindhyachal STPS, Singrauli - MPPCB",110.1,317.53,24.6,18,35,30.7,0.0,45.05,15.76,1.16,39.02,61.82
2019-04-06,"Vindhyachal STPS, Singrauli - MPPCB",83.51,293.52,31.8,43,45,28.8,0.0,34.93,16.87,0.96,47.59,67.55
2019-04-07,"Vindhyachal STPS, Singrauli - MPPCB",52.41,194.84,19.8,104,45,29.1,0.0,25.95,14.52,0.7,55.74,67.34
2019-04-08,"Vindhyachal STPS, Singrauli - MPPCB",52.7,194.47,23.2,352,43,29.0,0.1,24.52,12.61,0.68,49.55,73.46
2019-04-09,"Vindhyachal STPS, Singrauli - MPPCB",77.22,240.97,26.6,285,39,30.2,0.0,38.21,13.82,1.06,33.72,55.53
2019-04-10,"Vindhyachal STPS, Singrauli - MPPCB",86.76,322.52,23.9,355,39,30.5,0.0,45.6,14.55,1.01,46.32,62.33
2019-04-11,"Vindhyachal STPS, Singrauli - MPPCB",85.06,290.1,21.5,15,40,30.6,0.0,36.34,14.68,0.95,46.41,68.89
2019-04-12,"Vindhyachal STPS, Singrauli - MPPCB",95.13,346.98,21.7,300,29,32.1,0.0,40.67,14.83,1.04,42.94,53.12
2019-04-13,"Vindhyachal STPS, Singrauli - MPPCB",101.54,307.13,17.4,325,27,32.5,0.0,46.1,18.34,1.49,56.07,75.44
2019-04-14,"Vindhyachal STPS, Singrauli - MPPCB",95.3,352.73,19.1,349,22,33.3,0.0,54.27,16.72,1.27,51.92,45.9
2019-04-15,"Vindhyachal STPS, Singrauli - MPPCB",90.47,356.26,20.1,313,23,33.4,0.0,46.84,15.79,1.2,36.48,61.31
2019-04-16,"Vindhyachal STPS, Singrauli - MPPCB",72.52,294.66,23.8,298,33,30.2,0.0,27.57,15.35,0.76,34.77,61.18
2019-04-17,"Vindhyachal STPS, Singrauli - MPPCB",45.43,153.58,17.4,26,68,23.4,10.6,32.96,14.12,0.75,35.8,34.8
2019-04-18,"Vindhyachal STPS, Singrauli - MPPCB",38.32,86.91,15.1,279,53,26.9,0.6,20.01,14.68,0.63,27.36,80.34
2019-04-19,"Vindhyachal STPS, Singrauli - MPPCB",62.31,189.59,17.7,10,46,26.6,0.4,48.38,15.2,1.05,36.57,63.89
2019-04-20,"Vindhyachal STPS, Singrauli - MPPCB",78.05,203.78,16.6,275,45,27.7,0.0,47.2,14.52,0.93,41.29,64.69
2019-04-21,"Vindhyachal STPS, Singrauli - MPPCB",70.82,223.18,20.1,326,34,29.7,0.0,42.13,13.46,0.87,47.12,79.58
2019-04-22,"Vindhyachal STPS, Singrauli - MPPCB",82.65,263.89,17.7,320,31,29.9,0.0,53.49,13.61,1.18,32.73,56.76
2019-04-23,"Vindhyachal STPS, Singrauli - MPPCB",90.65,277.45,19.3,324,30,30.8,0.0,49.96,16.06,1.2,38.13,60.42
2019-04-24,"Vindhyachal STPS, Singrauli - MPPCB",93.23,280.43,17.1,32,39,31.4,0.0,51.38,16.61,1.2,47.57,73.92
2019-04-25,"Vindhyachal STPS, Singrauli - MPPCB",112.1,336.26,22.5,23,38,32.5,0.0,51.01,16.35,1.26,41.03,56.95
2019-04-26,"Vindhyachal STPS, Singrauli - MPPCB",113.94,388.52,20.3,296,25,34.7,0.0,45.76,15.32,1.12,56.19,67.24
2019-04-27,"Vindhyachal STPS, Singrauli - MPPCB",102.82,353.5,23.7,322,21,34.5,0.0,42.26,14.73,1.01,28.77,59.24
2019-04-28,"Vindhyachal STPS, Singrauli - MPPCB",104.64,398.49,22.3,315,18,34.8,0.0,39.07,13.85,1.09,30.41,61.79
2019-04-29,"Vindhyachal STPS, Singrauli - MPPCB",83.79,322.86,19.5,310,18,34.6,0.0,37.33,13.99,0.86,32.05,64.55
2019-04-30,"Vindhyachal STPS, Singrauli - MPPCB",123.78,449.65,15.3,117,22,35.1,0.0,62.65,15.59,1.19,51.21,51.82
2019-05-01,"Vindhyachal STPS, Singrauli - MPPCB",57.25,160.96,17.0,219,24,35.4,0.0,15.72,13.58,0.64,29.68,91.6
2019-05-02,"Vindhyachal STPS, Singrauli - MPPCB",47.1,113.5,26.0,159,38,33.6,0.0,17.3,12.36,0.64,48.08,80.21
2019-05-03,"Vindhyachal STPS, Singrauli - MPPCB",48.5,166.23,24.1,101,52,31.2,4.7,33.94,12.22,0.74,54.01,47.66
2019-05-04,"Vindhyachal STPS, Singrauli - MPPCB",63.63,165.97,29.2,267,54,29.4,0.0,49.81,13.45,1.11,61.53,39.96
2019-05-05,"Vindhyachal STPS, Singrauli - MPPCB",52.71,180.2,22.6,282,35,31.5,0.0,34.61,13.46,0.82,33.37,98.67
2019-05-06,"Vindhyachal STPS, Singrauli - MPPCB",81.54,244.66,21.2,279,18,32.3,0.0,45.73,13.57,1.1,32.37,68.17
2019-05-07,"Vindhyachal STPS, Singrauli - MPPCB",86.73,370.09,21.9,294,16,33.2,0.0,50.31,14.83,1.08,39.53,64.01
2019-05-08,"Vindhyachal STPS, Singrauli - MPPCB",78.76,356.16,26.3,285,16,34.1,0.0,33.76,13.71,0.77,32.95,55.64
2019-05-09,"Vindhyachal STPS, Singrauli - MPPCB",75.64,366.3,25.0,285,16,34.7,0.0,38.4,12.87,0.86,35.44,57.92
2019-05-10,"Vindhyachal STPS, Singrauli - MPPCB",62.83,310.35,19.9,289,16,34.3,0.0,29.81,12.02,0.67,30.55,71.97
2019-05-11,"Vindhyachal STPS, Singrauli - MPPCB",84.01,348.39,20.3,290,23,33.6,0.0,46.16,14.62,1.09,36.0,46.45
2019-05-12,"Vindhyachal STPS, Singrauli - MPPCB",69.83,237.68,19.0,296,23,34.1,0.0,31.53,14.13,0.86,35.88,85.31
2019-05-13,"Vindhyachal STPS, Singrauli - MPPCB",58.82,202.37,16.6,337,25,33.0,0.0,29.48,13.96,0.75,33.25,83.99
2019-05-14,"Vindhyachal STPS, Singrauli - MPPCB",53.41,198.0,21.1,301,25,33.3,0.0,24.09,13.85,0.67,42.06,87.32
2019-05-15,"Vindhyachal STPS, Singrauli - MPPCB",68.7,283.53,23.2,330,26,33.7,0.0,33.13,13.76,0.84,42.83,82.39
2019-05-16,"Vindhyachal STPS, Singrauli - MPPCB",127.16,401.59,17.7,346,27,33.9,0.0,84.74,15.8,1.57,115.35,44.5
2019-05-17,"Vindhyachal STPS, Singrauli - MPPCB",92.62,398.7,20.5,334,26,34.6,0.0,51.23,14.53,1.24,60.18,59.52
2019-05-18,"Vindhyachal STPS, Singrauli - MPPCB",101.6,301.53,22.0,299,25,33.7,0.0,24.39,13.28,0.88,39.27,77.7
2019-05-19,"Vindhyachal STPS, Singrauli - MPPCB",75.12,222.85,19.8,306,29,32.7,0.0,29.86,12.92,0.75,35.43,71.78
2019-05-20,"Vindhyachal STPS, Singrauli - MPPCB",102.46,341.15,17.4,320,26,33.9,0.0,38.04,14.26,0.98,40.95,79.73
2019-05-21,"Vindhyachal STPS, Singrauli - MPPCB",105.75,331.1,15.3,340,22,34.8,0.0,60.59,14.11,1.14,51.49,58.79
2019-05-22,"Vindhyachal STPS, Singrauli - MPPCB",128.5,355.03,19.6,252,23,35.4,0.0,69.97,15.75,1.32,88.3,54.36
2019-05-23,"Vindhyachal STPS, Singrauli - MPPCB",79.76,269.35,21.2,37,29,35.1,0.0,31.58,14.08,0.98,44.73,81.32
2019-05-24,"Vindhyachal STPS, Singrauli - MPPCB",80.46,264.02,18.6,313,30,36.0,0.0,35.65,13.46,0.92,37.91,79.38
2019-05-25,"Vindhyachal STPS, Singrauli - MPPCB",68.84,305.9,20.8,319,33,34.6,0.0,30.44,13.31,0.88,36.19,83.62
2019-05-26,"Vindhyachal STPS, Singrauli - MPPCB",94.15,353.14,20.9,322,25,34.3,0.0,46.31,13.5,1.21,36.96,53.69
2019-05-27,"Vindhyachal STPS, Singrauli - MPPCB",88.19,365.22,20.4,326,22,35.2,0.0,41.38,13.71,1.09,39.94,65.22
2019-05-28,"Vindhyachal STPS, Singrauli - MPPCB",103.62,363.36,16.9,329,20,35.7,0.0,52.07,15.86,1.41,44.85,29.95
2019-05-29,"Vindhyachal STPS, Singrauli - MPPCB",86.61,345.43,19.4,309,22,35.0,0.0,44.14,16.7,1.15,49.66,29.49
2019-05-30,"Vindhyachal STPS, Singrauli - MPPCB",159.1,359.21,23.3,296,21,35.4,0.0,56.68,18.87,1.26,47.21,27.49
2019-05-31,"Vindhyachal STPS, Singrauli - MPPCB",103.32,356.35,19.2,287,22,35.8,0.0,44.46,19.83,1.19,44.9,29.11
2019-06-01,"Vindhyachal STPS, Singrauli - MPPCB",89.3,279.26,13.5,242,34,34.6,0.0,37.38,18.64,1.3,42.22,27.77
2019-06-02,"Vindhyachal STPS, Singrauli - MPPCB",82.97,275.1,18.4,215,30,36.0,0.0,28.63,19.37,1.01,65.63,35.17
2019-06-03,"Vindhyachal STPS, Singrauli - MPPCB",60.67,145.12,16.8,107,41,34.4,0.0,44.96,19.67,0.9,71.19,33.16
2019-06-04,"Vindhyachal STPS, Singrauli - MPPCB",77.18,208.58,16.4,339,43,34.6,0.0,34.43,19.49,1.08,43.84,37.05
2019-06-05,"Vindhyachal STPS, Singrauli - MPPCB",88.38,240.2,20.8,19,42,35.0,0.0,27.93,19.81,1.05,50.26,38.57
2019-06-06,"Vindhyachal STPS, Singrauli - MPPCB",103.41,194.81,18.1,57,45,34.8,0.0,31.99,23.47,1.01,57.5,34.14
2019-06-07,"Vindhyachal STPS, Singrauli - MPPCB",76.32,184.57,15.5,48,44,34.2,0.0,41.11,20.68,1.05,62.86,28.67
2019-06-08,"Vindhyachal STPS, Singrauli - MPPCB",87.34,224.52,18.9,354,38,34.9,0.0,35.98,16.65,1.04,41.73,32.59
2019-06-09,"Vindhyachal STPS, Singrauli - MPPCB",129.78,357.88,19.9,353,27,35.5,0.0,50.73,18.61,1.42,45.05,28.8
2019-06-10,"Vindhyachal STPS, Singrauli - MPPCB",162.79,390.47,19.7,312,23,37.1,0.0,54.47,19.1,1.21,44.59,28.49
2019-06-11,"Vindhyachal STPS, Singrauli - MPPCB",91.68,282.39,19.8,22,28,37.0,0.0,31.58,20.21,0.88,39.36,34.6
2019-06-12,"Vindhyachal STPS, Singrauli - MPPCB",72.82,246.15,15.7,46,40,36.1,0.0,22.72,21.18,0.93,55.92,38.7
2019-06-13,"Vindhyachal STPS, Singrauli - MPPCB",43.5,143.51,22.1,278,45,35.0,0.3,21.26,20.32,0.8,41.11,37.64
2019-06-14,"Vindhyachal STPS, Singrauli - MPPCB",33.12,104.34,15.3,271,53,32.7,1.7,24.55,18.84,0.8,35.39,31.62
2019-06-15,"Vindhyachal STPS, Singrauli - MPPCB",31.9,90.32,23.9,264,45,34.7,0.0,19.38,28.84,0.62,24.95,36.41
2019-06-16,"Vindhyachal STPS, Singrauli - MPPCB",38.94,165.62,29.5,278,45,34.2,0.1,23.8,40.49,0.64,27.83,34.08
2019-06-17,"Vindhyachal STPS, Singrauli - MPPCB",35.27,129.46,24.4,286,53,32.3,0.5,35.09,37.42,0.48,37.72,27.09
2019-06-18,"Vindhyachal STPS, Singrauli - MPPCB",51.6,157.19,21.7,298,52,32.5,0.7,81.46,40.84,1.05,54.33,18.0
2019-06-19,"Vindhyachal STPS, Singrauli - MPPCB",65.44,194.44,19.6,253,52,32.2,0.1,105.65,47.49,1.19,56.51,23.54
2019-06-20,"Vindhyachal STPS, Singrauli - MPPCB",42.01,88.43,14.5,236,62,31.7,1.8,54.69,49.87,0.8,48.01,23.79
2019-06-21,"Vindhyachal STPS, Singrauli - MPPCB",52.26,141.05,15.3,59,57,32.3,0.5,61.36,48.61,0.9,59.66,28.24
2019-06-22,"Vindhyachal STPS, Singrauli - MPPCB",18.78,36.59,13.9,47,85,26.9,21.8,34.1,38.54,0.82,30.33,18.69
2019-06-23,"Vindhyachal STPS, Singrauli - MPPCB",18.03,35.03,15.8,131,79,28.0,8.0,28.87,44.09,0.62,53.23,25.23
2019-06-24,"Vindhyachal STPS, Singrauli - MPPCB",41.77,62.68,11.9,177,71,29.9,0.6,20.98,39.11,0.66,36.88,39.08
2019-06-25,"Vindhyachal STPS, Singrauli - MPPCB",41.31,70.45,15.3,206,59,32.1,0.1,46.66,35.67,0.8,31.24,30.22
2019-06-26,"Vindhyachal STPS, Singrauli - MPPCB",31.19,62.61,18.6,234,59,32.2,6.3,30.46,29.88,0.71,35.15,33.91
2019-06-27,"Vindhyachal STPS, Singrauli - MPPCB",25.03,54.0,17.0,243,71,30.5,1.1,24.34,35.81,0.66,25.23,30.64
2019-06-28,"Vindhyachal STPS, Singrauli - MPPCB",41.39,110.33,20.2,263,61,31.7,0.1,37.54,37.32,0.93,30.0,36.15
2019-06-29,"Vindhyachal STPS, Singrauli - MPPCB",40.88,90.98,17.1,248,54,32.5,0.0,50.12,33.12,0.75,35.18,29.39
2019-06-30,"Vindhyachal STPS, Singrauli - MPPCB",50.97,143.06,16.2,221,58,32.2,2.3,58.02,40.49,0.88,55.49,32.1
2019-07-01,"Vindhyachal STPS, Singrauli - MPPCB",48.76,130.5,11.0,318,67,30.7,13.8,48.85,38.68,0.8,57.83,45.07
2019-07-02,"Vindhyachal STPS, Singrauli - MPPCB",21.98,58.13,14.0,36,84,27.6,33.2,49.82,34.62,0.78,48.13,19.3
2019-07-03,"Vindhyachal STPS, Singrauli - MPPCB",17.22,34.78,21.6,96,82,27.8,5.3,64.19,30.41,0.86,73.06,17.54
2019-07-04,"Vindhyachal STPS, Singrauli - MPPCB",12.54,38.96,10.2,169,81,28.5,1.2,34.12,30.82,0.69,42.23,22.66
2019-07-05,"Vindhyachal STPS, Singrauli - MPPCB",27.76,61.36,12.7,164,81,28.5,6.1,58.7,36.86,0.69,73.08,22.23
2019-07-06,"Vindhyachal STPS, Singrauli - MPPCB",34.42,56.55,12.5,242,88,27.2,17.0,45.43,34.22,0.95,58.51,16.95
2019-07-07,"Vindhyachal STPS, Singrauli - MPPCB",11.62,24.75,18.4,270,92,25.9,51.4,18.66,31.63,0.79,27.67,15.9
2019-07-08,"Vindhyachal STPS, Singrauli - MPPCB",9.65,20.41,20.8,269,93,25.6,53.9,15.34,34.05,0.5,25.01,18.71
2019-07-09,"Vindhyachal STPS, Singrauli - MPPCB",15.52,31.98,26.3,251,91,25.8,31.9,13.38,29.07,0.47,14.41,14.75
2019-07-10,"Vindhyachal STPS, Singrauli - MPPCB",16.59,34.13,26.6,247,92,25.5,41.6,17.76,27.58,1.32,22.69,16.03
2019-07-11,"Vindhyachal STPS, Singrauli - MPPCB",41.0,101.3,22.5,241,88,26.4,27.7,41.26,30.01,1.45,25.17,12.97
2019-07-12,"Vindhyachal STPS, Singrauli - MPPCB",38.04,99.4,20.8,246,75,28.5,0.0,34.24,38.75,1.34,24.16,12.13
2019-07-13,"Vindhyachal STPS, Singrauli - MPPCB",34.41,103.46,25.1,251,72,28.8,0.0,28.5,46.61,1.14,22.67,13.37
2019-07-14,"Vindhyachal STPS, Singrauli - MPPCB",34.58,96.25,24.9,257,69,29.2,0.5,29.03,44.57,1.19,32.46,17.44
2019-07-15,"Vindhyachal STPS, Singrauli - MPPCB",39.33,123.23,18.8,259,66,29.4,0.0,35.14,37.6,1.22,28.76,17.25
2019-07-16,"Vindhyachal STPS, Singrauli - MPPCB",45.64,150.57,14.2,273,68,29.2,0.0,56.73,32.79,1.16,29.95,15.11
2019-07-17,"Vindhyachal STPS, Singrauli - MPPCB",43.41,144.11,11.2,296,72,29.4,0.8,56.7,32.16,0.92,42.06,14.02
2019-07-18,"Vindhyachal STPS, Singrauli - MPPCB",55.64,163.36,10.9,344,76,29.5,6.1,80.58,35.41,1.02,57.75,15.09
2019-07-19,"Vindhyachal STPS, Singrauli - MPPCB",58.86,171.89,12.5,53,79,29.3,11.2,61.49,36.44,1.24,44.43,15.98
2019-07-20,"Vindhyachal STPS, Singrauli - MPPCB",35.18,101.87,12.9,124,80,29.4,2.7,56.15,32.39,1.06,39.57,14.13
2019-07-21,"Vindhyachal STPS, Singrauli - MPPCB",35.16,69.47,10.1,165,75,29.9,0.4,28.14,34.25,0.62,44.07,23.33
2019-07-22,"Vindhyachal STPS, Singrauli - MPPCB",34.39,88.66,13.9,221,78,29.4,5.0,39.76,26.92,0.8,33.82,20.82
2019-07-23,"Vindhyachal STPS, Singrauli - MPPCB",27.84,54.82,16.2,236,70,30.3,1.5,37.39,25.34,0.79,19.68,17.53
2019-07-24,"Vindhyachal STPS, Singrauli - MPPCB",23.15,57.02,17.5,227,80,28.7,8.6,31.53,25.14,0.86,23.11,17.01
2019-07-25,"Vindhyachal STPS, Singrauli - MPPCB",10.0,23.43,14.0,215,88,27.1,30.9,25.43,25.34,0.66,25.58,19.65
2019-07-26,"Vindhyachal STPS, Singrauli - MPPCB",14.33,28.9,14.2,235,86,27.0,10.2,23.63,25.61,0.7,24.35,15.64
2019-07-27,"Vindhyachal STPS, Singrauli - MPPCB",21.54,47.86,30.4,161,92,25.7,32.1,33.85,24.48,0.6,24.71,15.38
2019-07-28,"Vindhyachal STPS, Singrauli - MPPCB",16.17,27.92,18.8,89,89,26.5,15.5,38.15,24.03,0.62,22.72,11.5
2019-07-29,"Vindhyachal STPS, Singrauli - MPPCB",11.88,38.52,24.1,78,84,27.1,3.4,29.04,37.25,0.82,25.02,9.57
2019-07-30,"Vindhyachal STPS, Singrauli - MPPCB",9.4,28.14,16.3,128,82,26.6,3.5,32.73,31.82,0.63,44.22,9.51
2019-07-31,"Vindhyachal STPS, Singrauli - MPPCB",6.05,17.04,13.3,155,84,27.0,2.2,16.1,24.2,0.61,34.52,9.27
2019-08-01,"Vindhyachal STPS, Singrauli - MPPCB",15.36,34.28,9.5,185,89,26.6,18.0,24.64,17.01,0.63,34.65,9.62
2019-08-02,"Vindhyachal STPS, Singrauli - MPPCB",27.11,52.37,14.1,130,86,27.4,14.3,44.5,13.47,0.75,32.64,13.42
2019-08-03,"Vindhyachal STPS, Singrauli - MPPCB",35.07,57.61,10.8,125,87,27.5,5.7,51.2,42.41,0.82,35.08,16.9
2019-08-04,"Vindhyachal STPS, Singrauli - MPPCB",31.46,100.58,12.1,260,86,27.6,5.5,39.94,49.59,0.6,35.445,9.3
2019-08-05,"Vindhyachal STPS, Singrauli - MPPCB",83.05,171.0,9.9,240,87,27.2,39.1,127.39,42.8,1.9,35.81,8.47
2019-08-06,"Vindhyachal STPS, Singrauli - MPPCB",26.09,55.03,13.8,325,89,27.3,31.5,48.03,40.63,0.72,45.32,26.36
2019-08-07,"Vindhyachal STPS, Singrauli - MPPCB",18.21,29.38,15.4,28,89,26.8,12.3,56.64,38.87,1.05,56.7,21.69
2019-08-08,"Vindhyachal STPS, Singrauli - MPPCB",13.15,24.23,28.0,69,90,26.1,9.4,40.47,28.52,1.0353846153846153,45.14,22.19
2019-08-09,"Vindhyachal STPS, Singrauli - MPPCB",12.92,29.95,22.8,150,80,26.9,1.8,28.37,22.88,1.0207692307692309,49.04,32.42
2019-08-10,"Vindhyachal STPS, Singrauli - MPPCB",20.72,41.86,11.6,246,82,27.5,0.9,33.85,21.45,1.0061538461538462,24.09,39.55
2019-08-11,"Vindhyachal STPS, Singrauli - MPPCB",17.79,36.51,12.5,282,87,26.8,12.9,35.35,19.12,0.9915384615384616,32.01,35.91
2019-08-12,"Vindhyachal STPS, Singrauli - MPPCB",19.07,43.42,15.3,296,88,27.0,7.9,31.86,19.57,0.976923076923077,41.39,31.92
2019-08-13,"Vindhyachal STPS, Singrauli - MPPCB",18.26,31.93,14.7,352,90,26.2,24.0,50.8,18.24,0.9623076923076923,53.17,33.09
2019-08-14,"Vindhyachal STPS, Singrauli - MPPCB",14.83,23.82,18.0,89,91,26.1,24.1,33.07,16.56,0.9476923076923077,43.17,32.49
2019-08-15,"Vindhyachal STPS, Singrauli - MPPCB",18.18,38.17333333333333,18.0,195,80,27.3,4.8,32.20333333333333,16.64,0.86,35.61,25.830000000000002
2019-08-16,"Vindhyachal STPS, Singrauli - MPPCB",21.53,52.526666666666664,13.5,219,77,27.9,0.5,31.336666666666666,16.72,0.86,28.049999999999997,19.17
2019-08-17,"Vindhyachal STPS, Singrauli - MPPCB",24.88,66.88,11.4,248,80,27.8,7.6,30.47,16.8,0.86,20.49,12.51
2019-08-18,"Vindhyachal STPS, Singrauli - MPPCB",11.62,39.0,10.2,292,86,26.8,16.4,36.44,14.83,0.86,18.75,9.91
2019-08-19,"Vindhyachal STPS, Singrauli - MPPCB",16.83,24.52,11.0,297,92,25.6,23.0,39.64,17.27,0.86,43.36,31.07
2019-08-20,"Vindhyachal STPS, Singrauli - MPPCB",21.77,27.75,15.5,288,95,24.9,37.1,51.85,16.43,0.86,34.65,33.4
2019-08-21,"Vindhyachal STPS, Singrauli - MPPCB",22.91,37.05,15.6,262,90,25.8,8.6,37.19,17.93,0.77,37.0,34.95
2019-08-22,"Vindhyachal STPS, Singrauli - MPPCB",37.5,64.44,11.6,216,87,26.6,7.0,75.06,16.71,0.88,68.14,23.07
2019-08-23,"Vindhyachal STPS, Singrauli - MPPCB",36.59,59.73,11.2,338,90,26.1,32.7,57.93,16.14,0.88,32.01,26.97
2019-08-24,"Vindhyachal STPS, Singrauli - MPPCB",21.77,45.72,10.0,73,91,25.8,20.1,60.07,14.0,0.84,44.83,18.06
2019-08-25,"Vindhyachal STPS, Singrauli - MPPCB",15.0,38.62,17.7,85,92,25.4,20.9,27.55,14.74,0.65,41.89,30.64
2019-08-26,"Vindhyachal STPS, Singrauli - MPPCB",29.73,67.35,16.2,96,90,25.9,11.9,50.34,16.67,0.83,44.8,29.64
2019-08-27,"Vindhyachal STPS, Singrauli - MPPCB",17.2,33.55,13.8,101,90,26.1,22.1,27.24,16.22,0.6,36.77,34.62
2019-08-28,"Vindhyachal STPS, Singrauli - MPPCB",38.96,56.73,10.5,170,88,26.8,9.0,53.82,16.31,0.77,48.49,24.86
2019-08-29,"Vindhyachal STPS, Singrauli - MPPCB",19.46,46.9,14.1,45,87,26.8,10.8,55.56,14.55,0.78,48.38,22.89
2019-08-30,"Vindhyachal STPS, Singrauli - MPPCB",28.15,89.46,10.0,61,89,27.3,6.5,79.19,13.77,0.82,58.39,19.47
2019-08-31,"Vindhyachal STPS, Singrauli - MPPCB",35.93,78.33,12.2,114,86,27.7,15.2,48.11,13.01,0.77,40.39,18.96
2019-09-01,"Vindhyachal STPS, Singrauli - MPPCB",35.67,86.06,11.2,116,86,28.0,2.9,53.13,13.75,0.77,55.94,22.3
2019-09-02,"Vindhyachal STPS, Singrauli - MPPCB",36.45,103.16,11.2,25,89,27.6,6.5,77.05,12.09,0.87,44.23,16.12
2019-09-03,"Vindhyachal STPS, Singrauli - MPPCB",41.17,68.83,11.2,16,89,26.8,17.3,67.21,14.69,0.81,41.18,17.08
2019-09-04,"Vindhyachal STPS, Singrauli - MPPCB",27.41,51.29,14.0,62,90,26.8,15.2,45.63,13.51,0.69,42.79,22.5
2019-09-05,"Vindhyachal STPS, Singrauli - MPPCB",25.89,46.16,15.9,80,86,27.5,10.4,38.38,13.1,0.65,30.34,26.54
2019-09-06,"Vindhyachal STPS, Singrauli - MPPCB",23.49,59.59,16.2,67,83,27.8,2.8,53.19,13.38,0.64,39.21,23.08
2019-09-07,"Vindhyachal STPS, Singrauli - MPPCB",22.26,63.97,14.2,58,87,27.3,15.2,58.23,12.91,0.6,48.25,20.7
2019-09-08,"Vindhyachal STPS, Singrauli - MPPCB",21.9,31.52,21.7,59,90,26.6,13.8,61.39,13.61,0.64,63.88,19.89
2019-09-09,"Vindhyachal STPS, Singrauli - MPPCB",10.36,18.24,13.7,141,85,27.4,1.9,9.71,12.09,0.52,36.22,27.31
2019-09-10,"Vindhyachal STPS, Singrauli - MPPCB",24.49,35.88,10.5,213,88,26.8,6.7,34.19,12.94,0.62,44.88,23.69
2019-09-11,"Vindhyachal STPS, Singrauli - MPPCB",17.95,30.75,15.1,220,88,26.8,14.6,35.89,12.31,0.63,56.06,24.3
2019-09-12,"Vindhyachal STPS, Singrauli - MPPCB",19.43,35.61,10.8,85,94,25.7,29.9,45.85,13.04,0.63,49.4,21.05
2019-09-13,"Vindhyachal STPS, Singrauli - MPPCB",13.72,38.97,12.4,179,87,26.4,17.6,20.62,11.64,0.58,37.45,39.31
2019-09-14,"Vindhyachal STPS, Singrauli - MPPCB",21.55,53.71,17.8,166,81,27.2,1.0,17.93,13.38,0.59,35.68,45.31
2019-09-15,"Vindhyachal STPS, Singrauli - MPPCB",23.32,68.36,12.1,194,80,27.6,1.4,50.17,11.22,0.81,30.25,30.65
2019-09-16,"Vindhyachal STPS, Singrauli - MPPCB",31.1,89.17,7.6,196,84,27.6,4.2,33.53,11.34,0.7,40.48,32.1
2019-09-17,"Vindhyachal STPS, Singrauli - MPPCB",30.64,59.67,10.6,139,88,26.9,6.2,33.48,10.79,0.58,51.25,36.88
2019-09-18,"Vindhyachal STPS, Singrauli - MPPCB",24.77,57.29,14.7,112,87,26.6,5.6,48.21,10.93,0.68,50.95,23.71
2019-09-19,"Vindhyachal STPS, Singrauli - MPPCB",25.69,53.73,11.1,85,88,26.4,7.0,58.2,9.73,0.64,67.94,15.64
2019-09-20,"Vindhyachal STPS, Singrauli - MPPCB",24.44,47.02,9.7,134,87,26.8,3.4,62.12,10.2,0.72,57.22,19.16
2019-09-21,"Vindhyachal STPS, Singrauli - MPPCB",44.86,94.1,9.1,109,85,27.2,2.8,105.47,11.87,0.94,87.52,18.26
2019-09-22,"Vindhyachal STPS, Singrauli - MPPCB",40.43,116.43,9.1,82,89,26.7,7.2,136.34,11.0,0.89,46.76,9.48
2019-09-23,"Vindhyachal STPS, Singrauli - MPPCB",28.35,64.33,11.6,74,89,26.5,8.7,42.07,10.2,0.68,54.24,29.35
2019-09-24,"Vindhyachal STPS, Singrauli - MPPCB",28.85,47.31,17.0,72,89,25.7,10.9,37.17,9.96,0.71,64.38,30.51
2019-09-25,"Vindhyachal STPS, Singrauli - MPPCB",13.29,22.46,21.9,105,91,24.6,11.9,22.15,9.85,0.7,28.82,21.64
2019-09-26,"Vindhyachal STPS, Singrauli - MPPCB",14.72,28.98,19.2,146,92,24.1,15.0,14.73,11.55,0.6,27.58,28.79
2019-09-27,"Vindhyachal STPS, Singrauli - MPPCB",15.57,26.62,13.0,182,94,24.0,36.2,20.23,10.3,0.86,25.11,15.41
2019-09-28,"Vindhyachal STPS, Singrauli - MPPCB",10.01,24.71,18.8,223,92,23.7,23.7,20.35,8.97,0.54,23.13,21.16
2019-09-29,"Vindhyachal STPS, Singrauli - MPPCB",21.700000000000003,44.545,21.1,240,91,23.6,31.7,39.235,10.25,0.72,26.265,24.415
2019-09-30,"Vindhyachal STPS, Singrauli - MPPCB",33.39,64.38,20.4,273,89,24.1,7.1,58.12,11.53,0.9,29.4,27.67
2019-10-01,"Vindhyachal STPS, Singrauli - MPPCB",20.74,53.51,16.9,272,89,25.0,4.0,45.47,9.41,0.67,36.24,17.52
2019-10-02,"Vindhyachal STPS, Singrauli - MPPCB",15.78,40.74,13.0,186,87,25.4,12.6,15.74,10.56,0.64,44.67,42.32
2019-10-03,"Vindhyachal STPS, Singrauli - MPPCB",15.83,35.65,18.5,286,90,24.0,3.0,21.56,9.99,0.67,33.09,34.12
2019-10-04,"Vindhyachal STPS, Singrauli - MPPCB",29.19,53.8,16.3,303,91,24.4,3.2,53.57,10.37,0.82,39.83,30.64
2019-10-05,"Vindhyachal STPS, Singrauli - MPPCB",47.85,110.5,8.6,339,85,25.2,1.8,91.04,12.06,1.17,46.25,28.56
2019-10-06,"Vindhyachal STPS, Singrauli - MPPCB",69.97,162.42,8.3,353,77,25.7,0.3,117.47,13.36,1.34,49.9,29.18
2019-10-07,"Vindhyachal STPS, Singrauli - MPPCB",63.27,142.17,11.3,2,75,25.6,0.0,97.85,14.34,1.13,54.38,41.84
2019-10-08,"Vindhyachal STPS, Singrauli - MPPCB",82.83,177.47,8.7,5,72,25.5,0.0,112.19,27.98,1.17,54.6,54.68
2019-10-09,"Vindhyachal STPS, Singrauli - MPPCB",61.88,142.86,10.5,28,82,25.0,0.6,87.62,51.21,1.09,47.63,46.88
2019-10-10,"Vindhyachal STPS, Singrauli - MPPCB",70.31,149.47,7.7,359,86,24.9,1.2,155.84,51.97,1.15,40.13,11.19
2019-10-11,"Vindhyachal STPS, Singrauli - MPPCB",73.42,169.12,9.2,346,75,24.7,0.2,181.72,47.55,1.14,29.88,11.58
2019-10-12,"Vindhyachal STPS, Singrauli - MPPCB",82.04,222.85,7.7,28,70,24.7,0.0,155.98,54.5,0.89,55.03,33.34
2019-10-13,"Vindhyachal STPS, Singrauli - MPPCB",52.05,131.45,9.6,321,68,24.7,0.0,56.02,66.81,0.44,47.57,101.92
2019-10-14,"Vindhyachal STPS, Singrauli - MPPCB",74.5,224.96,9.3,327,69,24.3,0.0,187.98,55.5,0.44,40.59,49.3
2019-10-15,"Vindhyachal STPS, Singrauli - MPPCB",79.0,251.56,8.8,75,72,24.2,0.0,168.14,57.22,0.46,55.79,35.43
2019-10-16,"Vindhyachal STPS, Singrauli - MPPCB",87.63,232.19,9.5,58,75,24.1,0.3,148.07,58.8,0.6,56.82,24.85
2019-10-17,"Vindhyachal STPS, Singrauli - MPPCB",108.0,305.37,10.5,76,75,24.6,0.0,189.37,58.86,0.945,47.15,27.73
2019-10-18,"Vindhyachal STPS, Singrauli - MPPCB",70.2,185.29,10.8,85,81,24.9,2.9,78.86,42.6,1.29,48.28,51.81
2019-10-19,"Vindhyachal STPS, Singrauli - MPPCB",37.39,92.21,9.1,60,90,24.2,10.6,68.83,30.39,1.6349999999999998,53.74,35.85
2019-10-20,"Vindhyachal STPS, Singrauli - MPPCB",72.38,134.0,11.7,346,94,23.1,20.2,121.14,34.23,1.98,50.88,8.04
2019-10-21,"Vindhyachal STPS, Singrauli - MPPCB",80.74,168.54,11.4,318,84,23.7,0.4,96.31,37.92,1.09,42.46,42.14
2019-10-22,"Vindhyachal STPS, Singrauli - MPPCB",105.99,264.8,9.7,318,75,23.5,0.0,147.49,34.58,1.87,53.83,37.58
2019-10-23,"Vindhyachal STPS, Singrauli - MPPCB",90.1,228.76,13.0,6,72,23.0,0.0,111.85,38.96,1.63,36.37,44.4
2019-10-24,"Vindhyachal STPS, Singrauli - MPPCB",56.11,168.12,14.6,68,79,23.2,0.0,60.96,43.78,2.05,84.06,45.73
2019-10-25,"Vindhyachal STPS, Singrauli - MPPCB",22.03,74.91,12.4,62,86,21.5,1.1,73.8,28.14,0.91,54.71,20.08
2019-10-26,"Vindhyachal STPS, Singrauli - MPPCB",49.88,126.2,9.8,56,88,20.9,0.1,76.78,31.33,0.48,36.03,20.63
2019-10-27,"Vindhyachal STPS, Singrauli - MPPCB",99.8,175.58,8.4,26,80,23.0,0.5,128.89,33.1,0.51,62.02,15.74
2019-10-28,"Vindhyachal STPS, Singrauli - MPPCB",97.61,232.31,7.9,88,79,23.2,0.3,128.09,44.43,0.57,47.21,20.24
2019-10-29,"Vindhyachal STPS, Singrauli - MPPCB",116.1,227.83,10.2,43,80,23.2,0.4,154.85,42.74,0.5718181818181818,48.71,32.27
2019-10-30,"Vindhyachal STPS, Singrauli - MPPCB",127.82,266.59,11.4,313,77,23.4,0.0,144.68,45.33,0.5736363636363636,37.69,40.27
2019-10-31,"Vindhyachal STPS, Singrauli - MPPCB",170.24,312.06,9.7,327,78,23.4,0.0,115.63,52.29,0.5754545454545454,21.83,46.78
2019-11-01,"Vindhyachal STPS, Singrauli - MPPCB",259.06,402.62,6.8,335,77,23.8,0.0,201.13,68.82,0.5772727272727273,50.03,57.25
2019-11-02,"Vindhyachal STPS, Singrauli - MPPCB",192.23,348.57,6.8,2,71,24.6,0.0,163.02,49.13,0.5790909090909091,32.7,52.95
2019-11-03,"Vindhyachal STPS, Singrauli - MPPCB",111.76,222.06,12.6,311,68,25.3,0.0,88.28,41.61,0.5809090909090908,25.88,45.36
2019-11-04,"Vindhyachal STPS, Singrauli - MPPCB",168.82,297.64,12.7,306,77,23.9,0.2,100.92,51.48,0.5827272727272726,37.42,89.25
2019-11-05,"Vindhyachal STPS, Singrauli - MPPCB",149.86,264.39,12.8,305,72,23.2,0.1,111.26,57.7,0.86,49.43,82.84
2019-11-06,"Vindhyachal STPS, Singrauli - MPPCB",109.42,219.06,10.9,313,65,21.9,0.0,143.46,45.17,0.86,62.67,75.74
2019-11-07,"Vindhyachal STPS, Singrauli - MPPCB",140.59,280.41,8.7,55,63,21.9,0.0,225.01,45.74,0.86,71.02,16.19
2019-11-08,"Vindhyachal STPS, Singrauli - MPPCB",108.76,228.56,10.9,65,74,21.5,0.0,89.91,33.04,0.59,36.71,74.7
2019-11-09,"Vindhyachal STPS, Singrauli - MPPCB",90.07,213.93,11.2,16,79,22.2,0.1,23.94,13.61,0.72,28.01,67.85
2019-11-10,"Vindhyachal STPS, Singrauli - MPPCB",101.275,250.465,12.3,344,74,23.3,0.0,35.36,13.285,0.71,25.795,65.365
2019-11-11,"Vindhyachal STPS, Singrauli - MPPCB",112.48,287.0,12.1,324,65,22.1,0.0,46.78,12.96,0.7,23.58,62.88
2019-11-12,"Vindhyachal STPS, Singrauli - MPPCB",132.46,311.07,9.2,318,69,21.5,0.0,48.89,13.76,0.73,23.68,24.05
2019-11-13,"Vindhyachal STPS, Singrauli - MPPCB",132.6,282.63,7.4,334,67,21.6,0.0,63.66,14.02,0.85,44.41,35.1
2019-11-14,"Vindhyachal STPS, Singrauli - MPPCB",148.82,337.24,8.7,80,66,21.5,0.0,72.38,13.39,0.57,49.37,34.66
2019-11-15,"Vindhyachal STPS, Singrauli - MPPCB",159.74,377.63,7.6,354,62,21.1,0.0,146.35,12.3,0.67,91.77,14.99
2019-11-16,"Vindhyachal STPS, Singrauli - MPPCB",121.54,364.38,9.6,306,64,20.5,0.0,60.62,10.98,0.66,35.25,19.16
2019-11-17,"Vindhyachal STPS, Singrauli - MPPCB",106.72,220.62,13.7,289,70,21.8,0.0,53.68,13.54,0.74,45.9025,38.58
2019-11-18,"Vindhyachal STPS, Singrauli - MPPCB",52.28,140.96,13.9,313,63,21.1,0.0,28.0,10.12,1.01,56.555,59.37
2019-11-19,"Vindhyachal STPS, Singrauli - MPPCB",110.25,257.6,13.6,301,66,20.5,0.0,54.96,11.04,0.92,67.2075,54.59
2019-11-20,"Vindhyachal STPS, Singrauli - MPPCB",124.56,338.66,8.6,2,67,20.5,0.0,75.35,11.53,0.64,77.86,27.79
2019-11-21,"Vindhyachal STPS, Singrauli - MPPCB",113.55,256.86,9.1,26,69,20.4,0.0,68.53,12.94,0.47,61.66,23.61
2019-11-22,"Vindhyachal STPS, Singrauli - MPPCB",121.04,268.71,10.2,333,68,20.4,0.0,79.03,12.08,0.38,72.62,40.41
2019-11-23,"Vindhyachal STPS, Singrauli - MPPCB",149.59,280.05,9.4,320,72,19.6,0.0,54.76,17.17,1.07,69.4,99.41
2019-11-24,"Vindhyachal STPS, Singrauli - MPPCB",103.66,232.925,11.7,293,69,20.4,0.0,42.035,14.040000000000001,0.775,50.505,87.065
2019-11-25,"Vindhyachal STPS, Singrauli - MPPCB",57.73,185.8,9.0,324,72,20.8,0.0,29.31,10.91,0.48,31.61,74.72
2019-11-26,"Vindhyachal STPS, Singrauli - MPPCB",104.3,300.92,9.2,82,76,21.3,0.0,74.92,12.37,0.85,56.01,29.37
2019-11-27,"Vindhyachal STPS, Singrauli - MPPCB",143.53,360.0,9.2,70,77,21.6,0.0,81.94,12.77,0.56,52.04,21.98
2019-11-28,"Vindhyachal STPS, Singrauli - MPPCB",114.25,257.75,9.0,88,76,21.8,0.0,67.32,10.45,1.28,32.11,21.78
2019-11-29,"Vindhyachal STPS, Singrauli - MPPCB",135.86,332.64,9.4,58,74,21.9,0.0,75.54,12.06,0.68,30.81,22.18
2019-11-30,"Vindhyachal STPS, Singrauli - MPPCB",156.67,346.1,9.4,12,72,20.9,0.0,72.17,12.92,0.74,37.34,22.87
2019-12-01,"Vindhyachal STPS, Singrauli - MPPCB",132.56,231.32500000000002,8.7,343,73,20.3,0.1,52.835,13.155000000000001,0.7949999999999999,31.155,40.370000000000005
2019-12-02,"Vindhyachal STPS, Singrauli - MPPCB",108.45,116.55,10.4,14,74,20.2,0.0,33.5,13.39,0.85,24.97,57.87
2019-12-03,"Vindhyachal STPS, Singrauli - MPPCB",156.85,234.07,10.9,322,69,18.8,0.2,63.46,15.99,1.25,32.46,38.52
2019-12-04,"Vindhyachal STPS, Singrauli - MPPCB",115.36,199.42,9.6,6,62,16.9,0.0,77.08,16.75,0.54,53.39,32.01
2019-12-05,"Vindhyachal STPS, Singrauli - MPPCB",166.07,288.54,9.4,46,69,16.4,0.0,70.48,15.82,1.08,38.64,31.45
2019-12-06,"Vindhyachal STPS, Singrauli - MPPCB",149.88,283.74,9.5,63,74,16.9,0.0,69.78,15.8,0.73,42.76,27.74
2019-12-07,"Vindhyachal STPS, Singrauli - MPPCB",116.97,252.17,9.4,63,80,18.2,0.0,69.01,13.69,0.92,43.67,29.49
2019-12-08,"Vindhyachal STPS, Singrauli - MPPCB",120.35,212.23,9.5,53,78,18.8,0.0,42.21,15.71,1.78,42.7,37.76
2019-12-09,"Vindhyachal STPS, Singrauli - MPPCB",147.07,311.87,8.7,78,76,18.4,0.0,85.63,13.95,1.11,70.66,45.09
2019-12-10,"Vindhyachal STPS, Singrauli - MPPCB",144.31,271.36,8.6,343,73,17.8,0.0,77.24,15.95,0.78,114.87,57.35
2019-12-11,"Vindhyachal STPS, Singrauli - MPPCB",129.74,229.59,8.7,6,75,17.7,0.0,30.29,16.03,0.9,36.04,103.38
2019-12-12,"Vindhyachal STPS, Singrauli - MPPCB",126.44,240.31,11.1,99,75,19.1,0.1,36.44,14.88,0.52,70.4,79.36
2019-12-13,"Vindhyachal STPS, Singrauli - MPPCB",46.79,58.94,13.5,111,87,17.9,5.5,20.83,10.01,0.49,19.23,42.92
2019-12-14,"Vindhyachal STPS, Singrauli - MPPCB",99.82,158.33,10.4,351,86,18.9,1.1,46.87,12.54,0.69,52.98,23.81
2019-12-15,"Vindhyachal STPS, Singrauli - MPPCB",77.46,112.27,14.4,357,93,17.1,3.6,34.87,11.68,0.83,35.66,22.97
2019-12-16,"Vindhyachal STPS, Singrauli - MPPCB",94.79,151.02,11.1,349,83,17.0,0.2,33.88,16.36,0.65,36.23,45.61
2019-12-17,"Vindhyachal STPS, Singrauli - MPPCB",93.15,124.74,11.1,328,76,15.4,0.0,29.12,18.36,0.5,25.19,56.36
2019-12-18,"Vindhyachal STPS, Singrauli - MPPCB",94.575,154.015,9.7,320,82,12.6,0.0,43.055,16.39,0.42000000000000004,69.44,49.91
2019-12-19,"Vindhyachal STPS, Singrauli - MPPCB",96.0,183.29,9.7,335,83,11.9,0.0,56.99,14.42,0.34,113.69,43.46
2019-12-20,"Vindhyachal STPS, Singrauli - MPPCB",113.36,200.28,7.7,303,77,12.5,0.0,66.06,13.3,0.78,77.81,38.26
2019-12-21,"Vindhyachal STPS, Singrauli - MPPCB",147.97,284.93,9.6,323,73,14.8,0.0,81.25,13.99,0.72,46.97,32.32
2019-12-22,"Vindhyachal STPS, Singrauli - MPPCB",161.79,297.9,8.6,339,77,15.7,0.0,82.08,16.49,0.67,47.76,37.55
2019-12-23,"Vindhyachal STPS, Singrauli - MPPCB",173.11,291.0,9.2,351,82,15.8,0.0,121.15,22.13,0.44,58.51,18.62
2019-12-24,"Vindhyachal STPS, Singrauli - MPPCB",215.59,308.93,11.2,30,82,16.2,0.0,61.38,26.77,0.41,70.22,29.93
2019-12-25,"Vindhyachal STPS, Singrauli - MPPCB",221.61,301.33,9.7,16,86,15.7,4.3,78.94,28.34,0.8,91.4,12.09
2019-12-26,"Vindhyachal STPS, Singrauli - MPPCB",187.96,286.37,13.1,352,72,14.5,0.0,46.75,27.37,0.63,66.66,52.49
2019-12-27,"Vindhyachal STPS, Singrauli - MPPCB",154.62,248.89,10.4,328,80,10.3,0.0,41.03,19.87,1.11,59.21,39.5
2019-12-28,"Vindhyachal STPS, Singrauli - MPPCB",162.36,264.7,8.4,356,81,10.0,0.0,63.15,20.94,0.57,71.4,26.31
2019-12-29,"Vindhyachal STPS, Singrauli - MPPCB",174.62,261.46,8.8,14,79,10.3,0.0,53.91,21.56,0.17,44.69,15.72
2019-12-30,"Vindhyachal STPS, Singrauli - MPPCB",194.28,314.68,13.2,58,83,10.8,0.0,79.4,18.77,0.71,74.14,27.84
2019-12-31,"Vindhyachal STPS, Singrauli - MPPCB",206.0,340.0,11.1,84,80,13.0,0.4,83.3,20.3,1.17,39.15,5.2
